시설종류,시설유형,시설명,소재지 도로명주소,대표자(시설장),정원,전화번호,신고일(개관일),위도,경도
노인의료복지시설,노인요양시설,노블케어스,서울특별시 은평구 응암로 353 (녹번동),"양성희, 조항석",170,02-391-0006,20131108,37.60295,126.92222
노인의료복지시설,노인요양시설,노블타운요양원,서울특별시 은평구 서오릉로 35 (녹번동),㈜노블(조항진),99,02-387-2200,20140407,37.60553,126.93228
노인의료복지시설,노인요양시설,마추미실버케어응암점,서울특별시 은평구 응암로13길 11-7 (응암동),㈜실버케어(김준영),55,02-302-2282,20131004,37.58956,126.91652
노인의료복지시설,노인요양시설,붓다마을,서울특별시 은평구 연서로48길 41 (진관동),인덕원(서병진),271,02-3156-7500,20090703,37.63919,126.93809
노인의료복지시설,노인요양시설,수색실버케어,서울특별시 은평구 수색로 272-1 (수색동),"김병한,김정혜,김대욱",67,02-305-1188,20150817,37.58329,126.89435
노인의료복지시설,노인요양시설,써니요양원,서울특별시 은평구 증산로15길 26 (신사동),"김상환, 이무선",38,02-305-2385,20121022,37.5901,126.91043
노인의료복지시설,노인요양시설,실비아요양원,"서울특별시 은평구 증산로15길 35-8(신사동, 상가11동)","채봉석,김선희",49,303-7001,20200106,37.58954,126.9096
노인의료복지시설,노인요양시설,엘림요양원,서울특별시 은평구 응암로 348 (녹번동),박길진,36,02-357-9600,20100304,37.60237,126.92274
노인의료복지시설,노인요양시설,은평실버랜드요양원,서울특별시 은평구 연서로21길 27-20 (갈현동),강대근,34,02-892-3388,20190531,37.61522,126.91426
노인의료복지시설,노인요양시설,은평요양원,"서울특별시 은평구 진흥로 47,(역촌동)","정수민, 신락균",45,02-388-0709,20150421,37.60682,126.91427
노인의료복지시설,노인요양시설,은평효실버요양원,서울특별시 은평구 연서로 17 (역촌동),김영래,22,02-383-1001,20110920,37.60671,126.92258
노인의료복지시설,노인요양시설,자비의 집,서울특별시 은평구 서오릉로 30-17 (녹번동),인덕원(서병진),25,02-354-1116,20071204,37.60461,126.92589
노인의료복지시설,노인요양시설,해피안,서울특별시 은평구 연서로15길 27-2 (구산동),행복창조(김현훈),21,02-385-0705,20090918,37.61191,126.91357
노인의료복지시설,노인요양시설,녹번실버,서울특별시 은평구 통일로57길 5-10 (녹번동),김희자,13,02-389-7875,20091008,37.60484,126.93405
노인의료복지시설,노인요양시설,갈현 효 요양원,서울특별시 은평구 갈현로 270(갈현동),김형준,25,02-355-1947,20180101,37.62187,126.91669
노인의료복지시설,노인요양공동생활가정,로뎀요양원,서울특별시 은평구 통일로72길 31 (불광동),이명숙,8,02-357-6113,20100304,37.61918,126.92491
노인의료복지시설,노인요양공동생활가정,사랑가득요양원1호,"서울특별시 은평구 수색로14길 5-3, 5층 (수색동)",장수종,9,02-305-1868,20171231,37.58264,126.89669
노인의료복지시설,노인요양공동생활가정,사랑가득요양원2호,"서울특별시 은평구 수색로14길 5-3, 6층 (수색동)",장수종,9,02-305-1868,20171226,37.58264,126.89677
노인의료복지시설,노인요양공동생활가정,시온노인요양원,"서울특별시 은평구 갈현로 270, 4층 (갈현동)",박순희,9,02-353-5847,20080828,37.62187,126.916673
노인의료복지시설,노인요양공동생활가정,주안요양원,서울특별시 은평구 서오릉로13길 10 (구산동),권영주,9,02-356-6599,20160502,37.61289,126.91363
노인의료복지시설,노인요양공동생활가정,참좋은요양원(단기병설),"서울특별시 은평구 가좌로 306, 2층 (신사동)",이동원,9,02-373-5371,20160205,37.59585,126.91112
노인의료복지시설,노인요양공동생활가정,(협)노인돌봄은평요양원 (주야간병설),"서울특별시 은평구 가좌로 306, 3층 (신사동)",이순녀,9,070-8808-9929,20150731,37.59582,126.91138
노인의료복지시설,노인요양공동생활가정,백련실버케어,"서울특별시 은평구 가좌로 306, 4층 (신사동)",강순옥,9,02-304-3667,20210101,37.59595,126.91112